username,password,roomname
user1111,pass1111,room1111
user1112,pass1112,room1112
user1113,pass1113,room1113
user1114,pass1114,room1114
user1115,pass1115,room1115
user1116,pass1116,room1116
user1117,pass1117,room1117
user1118,pass1118,room1118
user1119,pass1119,room1119
user1120,pass1120,room1120
user1121,pass1121,room1121
user1122,pass1122,room1122
user1123,pass1123,room1123
user1124,pass1124,room1124
user1125,pass1125,room1125
user1126,pass1126,room1126
user1127,pass1127,room1127
user1128,pass1128,room1128
user1129,pass1129,room1129
user1130,pass1130,room1130
user1131,pass1131,room1131
user1132,pass1132,room1132
user1133,pass1133,room1133
user1134,pass1134,room1134
user1135,pass1135,room1135
user1136,pass1136,room1136
user1137,pass1137,room1137
user1138,pass1138,room1138
user1139,pass1139,room1139
user1140,pass1140,room1140
user1141,pass1141,room1141
user1142,pass1142,room1142
user1143,pass1143,room1143
user1144,pass1144,room1144
user1145,pass1145,room1145
user1146,pass1146,room1146
user1147,pass1147,room1147
user1148,pass1148,room1148
user1149,pass1149,room1149
user1150,pass1150,room1150
user1151,pass1151,room1151
user1152,pass1152,room1152
user1153,pass1153,room1153
user1154,pass1154,room1154
user1155,pass1155,room1155
user1156,pass1156,room1156
user1157,pass1157,room1157
user1158,pass1158,room1158
user1159,pass1159,room1159
user1160,pass1160,room1160
user1161,pass1161,room1161
user1162,pass1162,room1162
user1163,pass1163,room1163
user1164,pass1164,room1164
user1165,pass1165,room1165
user1166,pass1166,room1166
user1167,pass1167,room1167
user1168,pass1168,room1168
user1169,pass1169,room1169
user1170,pass1170,room1170
user1171,pass1171,room1171
user1172,pass1172,room1172
user1173,pass1173,room1173
user1174,pass1174,room1174
user1175,pass1175,room1175
user1176,pass1176,room1176
user1177,pass1177,room1177
user1178,pass1178,room1178
user1179,pass1179,room1179
user1180,pass1180,room1180
user1181,pass1181,room1181
user1182,pass1182,room1182
user1183,pass1183,room1183
user1184,pass1184,room1184
user1185,pass1185,room1185
user1186,pass1186,room1186
user1187,pass1187,room1187
user1188,pass1188,room1188
user1189,pass1189,room1189
user1190,pass1190,room1190
user1191,pass1191,room1191
user1192,pass1192,room1192
user1193,pass1193,room1193
user1194,pass1194,room1194
user1195,pass1195,room1195
user1196,pass1196,room1196
user1197,pass1197,room1197
user1198,pass1198,room1198
user1199,pass1199,room1199
user1200,pass1200,room1200
user1201,pass1201,room1201
user1202,pass1202,room1202
user1203,pass1203,room1203
user1204,pass1204,room1204
user1205,pass1205,room1205
user1206,pass1206,room1206
user1207,pass1207,room1207
user1208,pass1208,room1208
user1209,pass1209,room1209
user1210,pass1210,room1210
user1211,pass1211,room1211
user1212,pass1212,room1212
user1213,pass1213,room1213
user1214,pass1214,room1214
user1215,pass1215,room1215
user1216,pass1216,room1216
user1217,pass1217,room1217
user1218,pass1218,room1218
user1219,pass1219,room1219
user1220,pass1220,room1220
user1221,pass1221,room1221
user1222,pass1222,room1222
user1223,pass1223,room1223
user1224,pass1224,room1224
user1225,pass1225,room1225
user1226,pass1226,room1226
user1227,pass1227,room1227
user1228,pass1228,room1228
user1229,pass1229,room1229
user1230,pass1230,room1230
user1231,pass1231,room1231
user1232,pass1232,room1232
user1233,pass1233,room1233
user1234,pass1234,room1234
user1235,pass1235,room1235
user1236,pass1236,room1236
user1237,pass1237,room1237
user1238,pass1238,room1238
user1239,pass1239,room1239
user1240,pass1240,room1240
user1241,pass1241,room1241
user1242,pass1242,room1242
user1243,pass1243,room1243
user1244,pass1244,room1244
user1245,pass1245,room1245
user1246,pass1246,room1246
user1247,pass1247,room1247
user1248,pass1248,room1248
user1249,pass1249,room1249
user1250,pass1250,room1250
user1251,pass1251,room1251
user1252,pass1252,room1252
user1253,pass1253,room1253
user1254,pass1254,room1254
user1255,pass1255,room1255
user1256,pass1256,room1256
user1257,pass1257,room1257
user1258,pass1258,room1258
user1259,pass1259,room1259
user1260,pass1260,room1260
user1261,pass1261,room1261
user1262,pass1262,room1262
user1263,pass1263,room1263
user1264,pass1264,room1264
user1265,pass1265,room1265
user1266,pass1266,room1266
user1267,pass1267,room1267
user1268,pass1268,room1268
user1269,pass1269,room1269
user1270,pass1270,room1270
user1271,pass1271,room1271
user1272,pass1272,room1272
user1273,pass1273,room1273
user1274,pass1274,room1274
user1275,pass1275,room1275
user1276,pass1276,room1276
user1277,pass1277,room1277
user1278,pass1278,room1278
user1279,pass1279,room1279
user1280,pass1280,room1280
user1281,pass1281,room1281
user1282,pass1282,room1282
user1283,pass1283,room1283
user1284,pass1284,room1284
user1285,pass1285,room1285
user1286,pass1286,room1286
user1287,pass1287,room1287
user1288,pass1288,room1288
user1289,pass1289,room1289
user1290,pass1290,room1290
user1291,pass1291,room1291
user1292,pass1292,room1292
user1293,pass1293,room1293
user1294,pass1294,room1294
user1295,pass1295,room1295
user1296,pass1296,room1296
user1297,pass1297,room1297
user1298,pass1298,room1298
user1299,pass1299,room1299
user1300,pass1300,room1300
user1301,pass1301,room1301
user1302,pass1302,room1302
user1303,pass1303,room1303
user1304,pass1304,room1304
user1305,pass1305,room1305
user1306,pass1306,room1306
user1307,pass1307,room1307
user1308,pass1308,room1308
user1309,pass1309,room1309
user1310,pass1310,room1310
